Category,Cohort Year,Cohort,# Total Cohort,# Grads,% Grads,# Total Regents,% Total Regents of Cohort,% Total Regents of Grads,# Advanced Regents,% Advanced Regents of Cohort,% Advanced Regents of Grads,# Regents without Advanced,% Regents without Advanced of Cohort,% Regents without Advanced of Grads,# Local,% Local of Cohort,% Local of Grads,# Still Enrolled,% Still Enrolled,# Dropout,% Dropout,# SACC (IEP Diploma),% SACC (IEP Diploma) of Cohort,# TASC (GED),% TASC (GED) of Cohort
Asian,2015,4 year August,12905,11383,88.2,11087,85.9,97.4,6261,48.5,55.0,4826,37.4,42.4,296,2.3,2.6,906,7.0,530,4.1,29,0.2,56,0.4
Asian,2014,4 year August,13123,11567,88.1,11293,86.1,97.6,6572,50.1,56.8,4721,36.0,40.8,274,2.1,2.4,1002,7.6,488,3.7,32,0.2,34,0.3
Asian,2013,4 year August,12480,10926,87.5,10724,85.9,98.2,6147,49.3,56.3,4577,36.7,41.9,202,1.6,1.8,992,7.9,501,4.0,24,0.2,34,0.3
Asian,2012,4 year August,12480,10707,85.8,10525,84.3,98.3,5871,47.0,54.8,4654,37.3,43.5,182,1.5,1.7,1123,9.0,576,4.6,38,0.3,30,0.2
Asian,2011,4 year August,12834,10910,85.0,10774,83.9,98.8,6042,47.1,55.4,4732,36.9,43.4,136,1.1,1.2,1275,9.9,589,4.6,36,0.3,22,0.2
Asian,2010,4 year August,12967,10706,82.6,10559,81.4,98.6,5927,45.7,55.4,4632,35.7,43.3,147,1.1,1.4,1428,11.0,756,5.8,46,0.4,26,0.2
Asian,2009,4 year August,13126,10648,81.1,10505,80.0,98.7,5923,45.1,55.6,4582,34.9,43.0,143,1.1,1.3,1552,11.8,832,6.3,52,0.4,39,0.3
Asian,2008,4 year August,12514,10272,82.1,10132,81.0,98.6,5720,45.7,55.7,4412,35.3,43.0,140,1.1,1.4,1453,11.6,698,5.6,51,0.4,37,0.3
Asian,2007,4 year August,11967,9925,82.9,9324,77.9,93.9,5439,45.4,54.8,3885,32.5,39.1,601,5.0,6.1,1218,10.2,711,5.9,41,0.3,68,0.6
Asian,2006,4 year August,11368,9364,82.4,8603,75.7,91.9,5146,45.3,55.0,3457,30.4,36.9,761,6.7,8.1,1163,10.2,706,6.2,43,0.4,90,0.8
Asian,2005,4 year August,11075,8876,80.1,7867,71.0,88.6,4903,44.3,55.2,2964,26.8,33.4,1009,9.1,11.4,1346,12.2,656,5.9,47,0.4,150,1.4
Asian,2004,4 year August,10897,8455,77.6,7414,68.0,87.7,,,,,,,1043,9.6,12.3,1566,14.4,808,7.4,,,,
Asian,2015,4 year June,12905,11031,85.5,10781,83.5,97.7,6214,48.2,56.3,4567,35.4,41.4,250,1.9,2.3,1256,9.7,532,4.1,29,0.2,56,0.4
Asian,2014,4 year June,13123,11208,85.4,10981,83.7,98.0,6522,49.7,58.2,4459,34.0,39.8,227,1.7,2.0,1361,10.4,488,3.7,32,0.2,34,0.3
Asian,2013,4 year June,12480,10607,85.0,10432,83.6,98.4,6106,48.9,57.6,4326,34.7,40.8,175,1.4,1.6,1310,10.5,501,4.0,24,0.2,34,0.3
Asian,2012,4 year June,12480,10424,83.5,10270,82.3,98.5,5837,46.8,56.0,4433,35.5,42.5,154,1.2,1.5,1405,11.3,576,4.6,39,0.3,30,0.2
Asian,2011,4 year June,12834,10583,82.5,10466,81.5,98.9,5997,46.7,56.7,4469,34.8,42.2,117,0.9,1.1,1602,12.5,589,4.6,36,0.3,22,0.2
Asian,2010,4 year June,12967,10300,79.4,10179,78.5,98.8,5866,45.2,57.0,4313,33.3,41.9,121,0.9,1.2,1834,14.1,756,5.8,46,0.4,26,0.2
Asian,2009,4 year June,13126,10160,77.4,10039,76.5,98.8,5849,44.6,57.6,4190,31.9,41.2,121,0.9,1.2,2034,15.5,835,6.4,55,0.4,39,0.3
Asian,2008,4 year June,12514,9900,79.1,9774,78.1,98.7,5685,45.4,57.4,4089,32.7,41.3,126,1.0,1.3,1821,14.6,700,5.6,53,0.4,37,0.3
Asian,2007,4 year June,11967,9494,79.3,9006,75.3,94.9,5384,45.0,56.7,3622,30.3,38.2,488,4.1,5.1,1642,13.7,716,6.0,45,0.4,67,0.6
Asian,2006,4 year June,11368,8969,78.9,8337,73.3,93.0,5083,44.7,56.7,3254,28.6,36.3,632,5.6,7.0,1554,13.7,710,6.2,43,0.4,90,0.8
Asian,2005,4 year June,11075,8511,76.8,7640,69.0,89.8,4850,43.8,57.0,2790,25.2,32.8,871,7.9,10.2,1711,15.4,656,5.9,47,0.4,150,1.4
Asian,2004,4 year June,10897,8075,74.1,7188,66.0,89.0,4729,43.4,58.6,2459,22.6,30.5,887,8.1,11.0,1946,17.9,808,7.4,56,0.5,11,0.1
Asian,2003,4 year June,10403,7467,71.8,6568,63.1,88.0,4274,41.1,57.2,2294,22.1,30.7,899,8.6,12.0,1867,17.9,999,9.6,33,0.3,26,0.2
Asian,2002,4 year June,10554,7082,67.1,6062,57.4,85.6,3601,34.1,50.8,2461,23.3,34.8,1025,9.7,14.5,2014,19.1,1257,11.9,36,0.3,90,0.9
Asian,2001,4 year June,9807,6501,66.3,5261,53.6,80.9,3277,33.4,50.4,1984,20.2,30.5,1245,12.7,19.2,1934,19.7,1281,13.1,69,0.7,17,0.2
Asian,2014,5 year August,13087,11883,90.8,11545,88.2,97.2,6596,50.4,55.5,4949,37.8,41.6,338,2.6,2.8,308,2.4,765,5.8,77,0.6,54,0.4
Asian,2013,5 year August,12446,11142,89.5,10897,87.6,97.8,6094,49.0,54.7,4803,38.6,43.1,245,2.0,2.2,420,3.4,684,5.5,151,1.2,47,0.4
Asian,2012,5 year August,12441,11064,88.9,10840,87.1,98.0,5884,47.3,53.2,4956,39.8,44.8,224,1.8,2.0,464,3.7,772,6.2,101,0.8,37,0.3
Asian,2011,5 year August,12811,11312,88.3,11129,86.9,98.4,6056,47.3,53.5,5073,39.6,44.8,183,1.4,1.6,478,3.7,893,7.0,93,0.7,32,0.2
Asian,2010,5 year August,12904,11159,86.5,10961,84.9,98.2,5957,46.2,53.4,5004,38.8,44.8,198,1.5,1.8,578,4.5,1043,8.1,84,0.7,36,0.3
Asian,2009,5 year August,13105,11134,85.0,10956,83.6,98.4,5958,45.5,53.5,4998,38.1,44.9,178,1.4,1.6,644,4.9,1203,9.2,71,0.5,48,0.4
Asian,2008,5 year August,12480,10726,85.9,10560,84.6,98.5,5759,46.1,53.7,4801,38.5,44.8,166,1.3,1.5,600,4.8,982,7.9,117,0.9,50,0.4
Asian,2007,5 year August,11880,10297,86.7,9536,80.3,92.6,5435,45.7,52.8,4101,34.5,39.8,761,6.4,7.4,342,2.9,1064,9.0,96,0.8,75,0.6
Asian,2006,5 year August,11445,9851,86.1,8921,77.9,90.6,5188,45.3,52.7,3733,32.6,37.9,930,8.1,9.4,390,3.4,1001,8.7,109,1.0,92,0.8
Asian,2014,5 year June,13087,11834,90.4,11510,87.9,97.3,6592,50.4,55.7,4918,37.6,41.6,324,2.5,2.7,337,2.6,785,6.0,77,0.6,54,0.4
Asian,2013,5 year June,12446,11088,89.1,10852,87.2,97.9,6093,49.0,55.0,4759,38.2,42.9,236,1.9,2.1,468,3.8,690,5.5,151,1.2,47,0.4
Asian,2012,5 year June,12441,11004,88.4,10791,86.7,98.1,5884,47.3,53.5,4907,39.4,44.6,213,1.7,1.9,521,4.2,775,6.2,101,0.8,37,0.3
Asian,2011,5 year June,12811,11253,87.8,11075,86.4,98.4,6055,47.3,53.8,5020,39.2,44.6,178,1.4,1.6,537,4.2,893,7.0,93,0.7,32,0.2
Asian,2010,5 year June,12904,11093,86.0,10900,84.5,98.3,5955,46.1,53.7,4945,38.3,44.6,193,1.5,1.7,637,4.9,1050,8.1,84,0.7,36,0.3
Asian,2009,5 year June,13105,11049,84.3,10874,83.0,98.4,5955,45.4,53.9,4919,37.5,44.5,175,1.3,1.6,727,5.5,1205,9.2,71,0.5,48,0.4
Asian,2008,5 year June,12480,10628,85.2,10465,83.9,98.5,5752,46.1,54.1,4713,37.8,44.3,163,1.3,1.5,690,5.5,990,7.9,117,0.9,50,0.4
Asian,2007,5 year June,11880,10220,86.0,9494,79.9,92.9,5434,45.7,53.2,4060,34.2,39.7,726,6.1,7.1,400,3.4,1081,9.1,98,0.8,75,0.6
Asian,2006,5 year June,11445,9785,85.5,8880,77.6,90.8,5188,45.3,53.0,3692,32.3,37.7,905,7.9,9.2,441,3.9,1018,8.9,109,1.0,91,0.8
Asian,2005,5 year June,11124,9403,84.5,8200,73.7,87.2,4991,44.9,53.1,3209,28.8,34.1,1203,10.8,12.8,453,4.1,1026,9.2,103,0.9,136,1.2
Asian,2004,5 year June,10891,8999,82.6,7719,70.9,85.8,4860,44.6,54.0,2859,26.3,31.8,1280,11.8,14.2,537,4.9,1100,10.1,105,1.0,148,1.4
Asian,2003,5 year June,10403,8372,80.5,7062,67.9,84.4,4410,42.4,52.7,2652,25.5,31.7,1310,12.6,15.6,562,5.4,1340,12.9,90,0.9,28,0.3
Asian,2002,5 year June,10554,8054,76.3,6554,62.1,81.4,3743,35.5,46.5,2811,26.6,34.9,1521,14.4,18.9,627,5.9,1633,15.5,74,0.7,90,0.9
Asian,2001,5 year June,9807,7377,75.2,5618,57.3,76.2,3369,34.4,45.7,2249,22.9,30.5,1767,18.0,24.0,582,5.9,1705,17.4,115,1.2,17,0.2
Asian,2013,6 year June,12447,11224,90.2,10963,88.1,97.7,6097,49.0,54.3,4866,39.1,43.4,261,2.1,2.3,253,2.0,759,6.1,158,1.3,51,0.4
Asian,2012,6 year June,12426,11140,89.7,10897,87.7,97.8,5886,47.4,52.8,5011,40.3,45.0,243,2.0,2.2,277,2.2,837,6.7,107,0.9,44,0.4
Asian,2011,6 year June,12794,11392,89.0,11206,87.6,98.4,6059,47.4,53.2,5147,40.2,45.2,186,1.5,1.6,322,2.5,942,7.4,104,0.8,32,0.3
Asian,2010,6 year June,12890,11281,87.5,11069,85.9,98.1,5959,46.2,52.8,5110,39.6,45.3,212,1.6,1.9,347,2.7,1131,8.8,87,0.7,40,0.3
Asian,2009,6 year June,13107,11272,86.0,11077,84.5,98.3,5960,45.5,52.9,5117,39.0,45.4,195,1.5,1.7,418,3.2,1281,9.8,79,0.6,54,0.4
Asian,2008,6 year June,12483,10847,86.9,10670,85.5,98.4,5761,46.2,53.1,4909,39.3,45.3,177,1.4,1.6,335,2.7,1076,8.6,170,1.4,48,0.4
Asian,2007,6 year June,11925,10443,87.6,9653,80.9,92.4,5464,45.8,52.3,4189,35.1,40.1,790,6.6,7.6,192,1.6,1099,9.2,109,0.9,75,0.6
Asian,2006,6 year June,11371,9976,87.7,8996,79.1,90.2,5195,45.7,52.1,3801,33.4,38.1,980,8.6,9.8,129,1.1,1063,9.3,109,1.0,88,0.8
Asian,2005,6 year June,11094,9592,86.5,8299,74.8,86.5,4997,45.0,52.1,3302,29.8,34.4,1293,11.7,13.5,194,1.7,1066,9.6,106,1.0,132,1.2
Asian,2004,6 year June,10884,9221,84.7,7829,71.9,84.9,4864,44.7,52.7,2965,27.2,32.2,1392,12.8,15.1,293,2.7,1191,10.9,105,1.0,69,0.6
Asian,2003,6 year June,10408,8569,82.3,7150,68.7,83.4,4420,42.5,51.6,2730,26.2,31.9,1419,13.6,16.6,223,2.1,1434,13.8,90,0.9,81,0.8
Asian,2002,6 year June,10554,8260,78.3,6632,62.8,80.3,3754,35.6,45.4,2878,27.3,34.8,1649,15.6,20.0,278,2.6,1765,16.7,85,0.8,90,0.9
Asian,2001,6 year June,9807,7599,77.5,5691,58.0,74.9,3380,34.5,44.5,2311,23.6,30.4,1921,19.6,25.3,202,2.1,1856,18.9,122,1.2,17,0.2
Black,2015,4 year August,19569,14423,73.7,12521,64.0,86.8,1607,8.2,11.1,10914,55.8,75.7,1902,9.7,13.2,3212,16.4,1612,8.2,112,0.6,208,1.1
Black,2014,4 year August,20292,14627,72.1,12933,63.7,88.4,1623,8.0,11.1,11310,55.7,77.3,1694,8.3,11.6,3767,18.6,1542,7.6,136,0.7,214,1.1
Black,2013,4 year August,20539,14375,70.0,12916,62.9,89.9,1678,8.2,11.7,11238,54.7,78.2,1459,7.1,10.1,4133,20.1,1618,7.9,150,0.7,208,1.0
Black,2012,4 year August,21712,14916,68.7,13543,62.4,90.8,1602,7.4,10.7,11941,55.0,80.1,1373,6.3,9.2,4465,20.6,1897,8.7,174,0.8,166,0.8
Black,2011,4 year August,22062,14437,65.4,13281,60.2,92.0,1538,7.0,10.7,11743,53.2,81.3,1156,5.2,8.0,5037,22.8,2056,9.3,294,1.3,157,0.7
Black,2010,4 year August,22588,14408,63.8,13192,58.4,91.6,1583,7.0,11.0,11609,51.4,80.6,1216,5.4,8.4,5402,23.9,2163,9.6,336,1.5,191,0.8
Black,2009,4 year August,24463,14966,61.2,13922,56.9,93.0,1626,6.6,10.9,12296,50.3,82.2,1044,4.3,7.0,6049,24.7,2674,10.9,406,1.7,256,1.0
Black,2008,4 year August,25736,15391,59.8,14384,55.9,93.5,1688,6.6,11.0,12696,49.3,82.5,1007,3.9,6.5,6401,24.9,3072,11.9,494,1.9,320,1.2
Black,2007,4 year August,26332,15896,60.4,12760,48.5,80.3,1825,6.9,11.5,10935,41.5,68.8,3136,11.9,19.7,6035,22.9,3367,12.8,424,1.6,555,2.1
Black,2006,4 year August,26618,16124,60.6,11695,43.9,72.5,1984,7.5,12.3,9711,36.5,60.2,4429,16.6,27.5,5881,22.1,3369,12.7,528,2.0,699,2.6
Black,2005,4 year August,26634,15398,57.8,10336,38.8,67.1,1946,7.3,12.6,8390,31.5,54.5,5062,19.0,32.9,6681,25.1,3190,12.0,619,2.3,746,2.8
Black,2004,4 year August,25791,14428,55.9,8878,34.4,61.5,,,,,,,5551,21.5,38.5,7154,27.7,3389,13.1,,,,
Black,2015,4 year June,19569,13631,69.7,11952,61.1,87.7,1600,8.2,11.7,10352,52.9,75.9,1679,8.6,12.3,3988,20.4,1628,8.3,112,0.6,208,1.1
Black,2014,4 year June,20292,13890,68.5,12406,61.1,89.3,1620,8.0,11.7,10786,53.2,77.7,1484,7.3,10.7,4504,22.2,1542,7.6,136,0.7,214,1.1
Black,2013,4 year June,20539,13656,66.5,12379,60.3,90.6,1668,8.1,12.2,10711,52.1,78.4,1277,6.2,9.4,4846,23.6,1618,7.9,156,0.8,208,1.0
Black,2012,4 year June,21712,14169,65.3,12953,59.7,91.4,1597,7.4,11.3,11356,52.3,80.1,1216,5.6,8.6,5208,24.0,1897,8.7,176,0.8,166,0.8
Black,2011,4 year June,22062,13603,61.7,12618,57.2,92.8,1530,6.9,11.2,11088,50.3,81.5,985,4.5,7.2,5866,26.6,2056,9.3,299,1.4,157,0.7
Black,2010,4 year June,22588,13292,58.8,12260,54.3,92.2,1565,6.9,11.8,10695,47.3,80.5,1032,4.6,7.8,6513,28.8,2163,9.6,340,1.5,191,0.8
Black,2009,4 year June,24463,13689,56.0,12839,52.5,93.8,1618,6.6,11.8,11221,45.9,82.0,850,3.5,6.2,7299,29.8,2676,10.9,431,1.8,256,1.0
Black,2008,4 year June,25736,14152,55.0,13304,51.7,94.0,1679,6.5,11.9,11625,45.2,82.1,848,3.3,6.0,7607,29.6,3087,12.0,512,2.0,320,1.2
Black,2007,4 year June,26332,14570,55.3,12084,45.9,82.9,1809,6.9,12.4,10275,39.0,70.5,2486,9.4,17.1,7307,27.7,3412,13.0,450,1.7,534,2.0
Black,2006,4 year June,26618,14872,55.9,11136,41.8,74.9,1971,7.4,13.3,9165,34.4,61.6,3736,14.0,25.1,7112,26.7,3390,12.7,528,2.0,699,2.6
Black,2005,4 year June,26634,14346,53.9,9943,37.3,69.3,1931,7.3,13.5,8012,30.1,55.8,4403,16.5,30.7,7732,29.0,3190,12.0,620,2.3,746,2.8
Black,2004,4 year June,25791,13258,51.4,8460,32.8,63.8,2000,7.8,15.1,6460,25.0,48.7,4798,18.6,36.2,8323,32.3,3390,13.1,647,2.5,170,0.7
Black,2003,4 year June,25579,12220,47.8,7409,29.0,60.6,1784,7.0,14.6,5625,22.0,46.0,4811,18.8,39.4,8574,33.5,3949,15.4,510,2.0,279,1.1
Black,2002,4 year June,25676,11012,42.9,6413,25.0,58.2,1287,5.0,11.7,5126,20.0,46.5,4616,18.0,41.9,8777,34.2,4786,18.6,467,1.8,500,1.9
Black,2001,4 year June,26107,10477,40.1,5481,21.0,52.3,1308,5.0,12.5,4173,16.0,39.8,5000,19.2,47.7,8750,33.5,5956,22.8,804,3.1,116,0.4
Black,2014,5 year August,20283,15754,77.7,13632,67.2,86.5,1626,8.0,10.3,12006,59.2,76.2,2122,10.5,13.5,1342,6.6,2618,12.9,324,1.6,242,1.2
Black,2013,5 year August,20340,15559,76.5,13653,67.1,87.7,1679,8.3,10.8,11974,58.9,77.0,1906,9.4,12.3,1770,8.7,2398,11.8,370,1.8,234,1.2
Black,2012,5 year August,21641,16224,75.0,14463,66.8,89.1,1604,7.4,9.9,12859,59.4,79.3,1761,8.1,10.9,2019,9.3,2702,12.5,410,1.9,195,0.9
Black,2011,5 year August,22042,15982,72.5,14456,65.6,90.5,1543,7.0,9.7,12913,58.6,80.8,1526,6.9,9.5,2160,9.8,3097,14.1,498,2.3,198,0.9
Black,2010,5 year August,22414,15962,71.2,14402,64.3,90.2,1585,7.1,9.9,12817,57.2,80.3,1560,7.0,9.8,2415,10.8,3193,14.2,497,2.2,234,1.0
Black,2009,5 year August,24303,16653,68.5,15255,62.8,91.6,1627,6.7,9.8,13628,56.1,81.8,1398,5.8,8.4,2868,11.8,3811,15.7,525,2.2,305,1.3
Black,2008,5 year August,25576,17006,66.5,15675,61.3,92.2,1690,6.6,9.9,13985,54.7,82.2,1331,5.2,7.8,2966,11.6,4272,16.7,876,3.4,346,1.4
Black,2007,5 year August,26183,17474,66.7,13452,51.4,77.0,1823,7.0,10.4,11629,44.4,66.6,4022,15.4,23.0,2044,7.8,5231,20.0,833,3.2,544,2.1
Black,2006,5 year August,26903,17905,66.6,12348,45.9,69.0,1990,7.4,11.1,10358,38.5,57.8,5557,20.7,31.0,2286,8.5,5090,18.9,921,3.4,661,2.5
Black,2014,5 year June,20283,15597,76.9,13548,66.8,86.9,1625,8.0,10.4,11923,58.8,76.4,2049,10.1,13.1,1453,7.2,2664,13.1,324,1.6,242,1.2
Black,2013,5 year June,20340,15391,75.7,13573,66.7,88.2,1679,8.3,10.9,11894,58.5,77.3,1818,8.9,11.8,1937,9.5,2398,11.8,371,1.8,234,1.2
Black,2012,5 year June,21641,16030,74.1,14350,66.3,89.5,1604,7.4,10.0,12746,58.9,79.5,1680,7.8,10.5,2205,10.2,2709,12.5,410,1.9,195,0.9
Black,2011,5 year June,22042,15788,71.6,14311,64.9,90.6,1543,7.0,9.8,12768,57.9,80.9,1477,6.7,9.4,2345,10.6,3102,14.1,499,2.3,198,0.9
Black,2010,5 year June,22414,15758,70.3,14250,63.6,90.4,1585,7.1,10.1,12665,56.5,80.4,1508,6.7,9.6,2608,11.6,3202,14.3,499,2.2,234,1.0
Black,2009,5 year June,24303,16327,67.2,15004,61.7,91.9,1626,6.7,10.0,13378,55.0,81.9,1323,5.4,8.1,3173,13.1,3825,15.7,531,2.2,305,1.3
Black,2008,5 year June,25576,16665,65.2,15405,60.2,92.4,1690,6.6,10.1,13715,53.6,82.3,1260,4.9,7.6,3264,12.8,4304,16.8,884,3.5,346,1.4
Black,2007,5 year June,26183,17212,65.7,13358,51.0,77.6,1823,7.0,10.6,11535,44.1,67.0,3854,14.7,22.4,2243,8.6,5290,20.2,837,3.2,544,2.1
Black,2006,5 year June,26903,17591,65.4,12257,45.6,69.7,1990,7.4,11.3,10267,38.2,58.4,5334,19.8,30.3,2527,9.4,5181,19.3,921,3.4,643,2.4
Black,2005,5 year June,26950,16991,63.0,10890,40.4,64.1,1961,7.3,11.5,8929,33.1,52.6,6101,22.6,35.9,2730,10.1,5386,20.0,964,3.6,849,3.2
Black,2004,5 year June,26051,16053,61.6,9317,35.8,58.0,2022,7.8,12.6,7295,28.0,45.4,6736,25.9,42.0,3137,12.0,4879,18.7,969,3.7,1009,3.9
Black,2003,5 year June,25579,14886,58.2,8142,31.8,54.7,1805,7.1,12.1,6337,24.8,42.6,6744,26.4,45.3,3646,14.3,5673,22.2,950,3.7,375,1.5
Black,2002,5 year June,25676,13662,53.2,7070,27.5,51.7,1328,5.2,9.7,5742,22.4,42.0,6699,26.1,49.0,3843,15.0,6678,26.0,845,3.3,506,2.0
Black,2001,5 year June,26107,12990,49.8,5941,22.8,45.7,1332,5.1,10.3,4609,17.7,35.5,7065,27.1,54.4,3734,14.3,8058,30.9,1180,4.5,116,0.4
Black,2013,6 year June,20348,15971,78.5,13892,68.3,87.0,1680,8.3,10.5,12212,60.0,76.5,2079,10.2,13.0,992,4.9,2761,13.6,393,1.9,225,1.1
Black,2012,6 year June,21492,16648,77.5,14721,68.5,88.4,1604,7.5,9.6,13117,61.0,78.8,1927,9.0,11.6,1185,5.5,2989,13.9,446,2.1,202,0.9
Black,2011,6 year June,22004,16476,74.9,14786,67.2,89.7,1543,7.0,9.4,13243,60.2,80.4,1690,7.7,10.3,1329,6.0,3357,15.3,536,2.4,218,1.0
Black,2010,6 year June,22395,16513,73.7,14793,66.1,89.6,1585,7.1,9.6,13208,59.0,80.0,1720,7.7,10.4,1473,6.6,3511,15.7,533,2.4,227,1.0
Black,2009,6 year June,24291,17327,71.3,15747,64.8,90.9,1627,6.7,9.4,14120,58.1,81.5,1580,6.5,9.1,1698,7.0,4241,17.5,561,2.3,310,1.3
Black,2008,6 year June,25507,17641,69.2,16148,63.3,91.5,1690,6.6,9.6,14458,56.7,82.0,1493,5.9,8.5,1643,6.4,4621,18.1,1171,4.6,329,1.3
Black,2007,6 year June,26101,18000,69.0,13681,52.4,76.0,1828,7.0,10.2,11853,45.4,65.8,4319,16.5,24.0,1127,4.3,5461,20.9,933,3.6,497,1.9
Black,2006,6 year June,26435,18483,69.9,12501,47.3,67.6,1988,7.5,10.8,10513,39.8,56.9,5982,22.6,32.4,978,3.7,5349,20.2,939,3.6,644,2.4
Black,2005,6 year June,26885,17939,66.7,11131,41.4,62.0,1961,7.3,10.9,9170,34.1,51.1,6808,25.3,38.0,1387,5.2,5748,21.4,1025,3.8,749,2.8
Black,2004,6 year June,26040,17028,65.4,9545,36.7,56.1,2023,7.8,11.9,7522,28.9,44.2,7483,28.7,43.9,1814,7.0,5586,21.5,998,3.8,568,2.2
Black,2003,6 year June,25624,15801,61.7,8342,32.6,52.8,1805,7.0,11.4,6537,25.5,41.4,7459,29.1,47.2,1778,6.9,6317,24.7,1011,3.9,668,2.6
Black,2002,6 year June,25676,14564,56.7,7212,28.1,49.5,1330,5.2,9.1,5882,22.9,40.4,7459,29.1,51.2,2058,8.0,7422,28.9,961,3.7,529,2.1
Black,2001,6 year June,26107,13815,52.9,6072,23.3,44.0,1335,5.1,9.7,4737,18.1,34.3,7797,29.9,56.4,1832,7.0,9015,34.5,1300,5.0,116,0.4
Hispanic,2015,4 year August,29120,20978,72.0,18542,63.7,88.4,3619,12.4,17.3,14923,51.2,71.1,2436,8.4,11.6,4593,15.8,3058,10.5,132,0.5,358,1.2
Hispanic,2014,4 year August,29337,20532,70.0,18252,62.2,88.9,3373,11.5,16.4,14879,50.7,72.5,2280,7.8,11.1,5259,17.9,3074,10.5,134,0.5,335,1.1
Hispanic,2013,4 year August,28729,19630,68.3,17640,61.4,89.9,3246,11.3,16.5,14394,50.1,73.3,1990,6.9,10.1,5541,19.3,3062,10.7,187,0.7,263,0.9
Hispanic,2012,4 year August,28690,19312,67.3,17687,61.6,91.6,2837,9.9,14.7,14850,51.8,76.9,1625,5.7,8.4,5653,19.7,3216,11.2,203,0.7,238,0.8
Hispanic,2011,4 year August,28842,18452,64.0,17019,59.0,92.2,2713,9.4,14.7,14306,49.6,77.5,1433,5.0,7.8,6322,21.9,3438,11.9,342,1.2,247,0.9
Hispanic,2010,4 year August,29049,17845,61.4,16474,56.7,92.3,2610,9.0,14.6,13864,47.7,77.7,1371,4.7,7.7,6902,23.8,3686,12.7,340,1.2,234,0.8
Hispanic,2009,4 year August,30331,17879,58.9,16698,55.1,93.4,2660,8.8,14.9,14038,46.3,78.5,1181,3.9,6.6,7481,24.7,4168,13.7,415,1.4,338,1.1
Hispanic,2008,4 year August,30770,17680,57.5,16603,54.0,93.9,2628,8.5,14.9,13975,45.4,79.0,1077,3.5,6.1,7681,25.0,4520,14.7,476,1.5,365,1.2
Hispanic,2007,4 year August,30811,18192,59.0,14806,48.1,81.4,2622,8.5,14.4,12184,39.5,67.0,3386,11.0,18.6,6895,22.4,4703,15.3,455,1.5,527,1.7
Hispanic,2006,4 year August,29721,17289,58.2,12689,42.7,73.4,2592,8.7,15.0,10097,34.0,58.4,4600,15.5,26.6,6628,22.3,4501,15.1,554,1.9,737,2.5
Hispanic,2005,4 year August,29192,16330,55.9,10861,37.2,66.5,2538,8.7,15.5,8323,28.5,51.0,5468,18.7,33.5,7089,24.3,4387,15.0,532,1.8,854,2.9
Hispanic,2004,4 year August,27812,14811,53.3,9146,32.9,61.8,,,,,,,5669,20.4,38.3,7456,26.8,4891,17.6,,,,
Hispanic,2015,4 year June,29120,19852,68.2,17749,61.0,89.4,3603,12.4,18.1,14146,48.6,71.3,2103,7.2,10.6,5692,19.5,3083,10.6,134,0.5,358,1.2
Hispanic,2014,4 year June,29337,19424,66.2,17483,59.6,90.0,3360,11.5,17.3,14123,48.1,72.7,1941,6.6,10.0,6361,21.7,3074,10.5,140,0.5,335,1.1
Hispanic,2013,4 year June,28729,18597,64.7,16869,58.7,90.7,3223,11.2,17.3,13646,47.5,73.4,1728,6.0,9.3,6569,22.9,3062,10.7,192,0.7,263,0.9
Hispanic,2012,4 year June,28690,18341,63.9,16947,59.1,92.4,2830,9.9,15.4,14117,49.2,77.0,1394,4.9,7.6,6620,23.1,3217,11.2,206,0.7,238,0.8
Hispanic,2011,4 year June,28842,17411,60.4,16201,56.2,93.1,2698,9.4,15.5,13503,46.8,77.6,1210,4.2,6.9,7352,25.5,3439,11.9,349,1.2,247,0.9
Hispanic,2010,4 year June,29049,16448,56.6,15269,52.6,92.8,2580,8.9,15.7,12689,43.7,77.1,1179,4.1,7.2,8293,28.5,3688,12.7,342,1.2,234,0.8
Hispanic,2009,4 year June,30331,16268,53.6,15297,50.4,94.0,2627,8.7,16.1,12670,41.8,77.9,971,3.2,6.0,9064,29.9,4170,13.7,439,1.4,338,1.1
Hispanic,2008,4 year June,30770,16212,52.7,15340,49.9,94.6,2604,8.5,16.1,12736,41.4,78.6,872,2.8,5.4,9112,29.6,4537,14.7,496,1.6,365,1.2
Hispanic,2007,4 year June,30811,16602,53.9,13924,45.2,83.9,2590,8.4,15.6,11334,36.8,68.3,2678,8.7,16.1,8424,27.3,4757,15.4,478,1.6,513,1.7
Hispanic,2006,4 year June,29721,16007,53.9,12104,40.7,75.6,2573,8.7,16.1,9531,32.1,59.5,3903,13.1,24.4,7882,26.5,4528,15.2,554,1.9,738,2.5
Hispanic,2005,4 year June,29192,15135,51.8,10414,35.7,68.8,2514,8.6,16.6,7900,27.1,52.2,4720,16.2,31.2,8282,28.4,4388,15.0,533,1.8,854,2.9
Hispanic,2004,4 year June,27812,13537,48.7,8673,31.2,64.1,2510,9.0,18.5,6163,22.2,45.5,4864,17.5,35.9,8729,31.4,4891,17.6,536,1.9,117,0.4
Hispanic,2003,4 year June,26774,11656,43.5,7109,26.6,61.0,2067,7.7,17.7,5042,18.8,43.3,4547,17.0,39.0,8947,33.4,5426,20.3,454,1.7,263,1.0
Hispanic,2002,4 year June,26372,10580,40.1,6173,23.4,58.3,1374,5.2,13.0,4799,18.2,45.4,4418,16.8,41.8,8798,33.4,6105,23.1,424,1.6,361,1.4
Hispanic,2001,4 year June,25890,9682,37.4,5283,20.4,54.6,1361,5.3,14.1,3922,15.1,40.5,4407,17.0,45.5,8275,32.0,6983,27.0,815,3.1,129,0.5
Hispanic,2014,5 year August,29298,21969,75.0,19190,65.5,87.4,3382,11.5,15.4,15808,54.0,72.0,2779,9.5,12.6,1710,5.8,4826,16.5,372,1.3,419,1.4
Hispanic,2013,5 year August,28632,21009,73.4,18523,64.7,88.2,3201,11.2,15.2,15322,53.5,72.9,2486,8.7,11.8,2374,8.3,4416,15.4,473,1.7,349,1.2
Hispanic,2012,5 year August,28583,20778,72.7,18752,65.6,90.2,2839,9.9,13.7,15913,55.7,76.6,2026,7.1,9.8,2539,8.9,4451,15.6,452,1.6,311,1.1
Hispanic,2011,5 year August,28755,20230,70.4,18333,63.8,90.6,2713,9.4,13.4,15620,54.3,77.2,1897,6.6,9.4,2621,9.1,4973,17.3,569,2.0,300,1.0
Hispanic,2010,5 year August,28883,19789,68.5,17961,62.2,90.8,2617,9.1,13.2,15344,53.1,77.5,1828,6.3,9.2,2966,10.3,5262,18.2,524,1.8,290,1.0
Hispanic,2009,5 year August,30142,20136,66.8,18563,61.6,92.2,2674,8.9,13.3,15889,52.7,78.9,1573,5.2,7.8,3309,11.0,5707,18.9,534,1.8,392,1.3
Hispanic,2008,5 year August,30641,19682,64.2,18261,59.6,92.8,2635,8.6,13.4,15626,51.0,79.4,1421,4.6,7.2,3430,11.2,6201,20.2,839,2.7,416,1.4
Hispanic,2007,5 year August,30527,19984,65.5,15619,51.2,78.2,2577,8.4,12.9,13042,42.7,65.3,4365,14.3,21.8,2143,7.0,6984,22.9,832,2.7,543,1.8
Hispanic,2006,5 year August,30093,19330,64.2,13525,44.9,70.0,2609,8.7,13.5,10916,36.3,56.5,5805,19.3,30.0,2451,8.1,6599,21.9,975,3.2,708,2.4
Hispanic,2014,5 year June,29298,21741,74.2,19051,65.0,87.6,3380,11.5,15.5,15671,53.5,72.1,2690,9.2,12.4,1883,6.4,4880,16.7,372,1.3,420,1.4
Hispanic,2013,5 year June,28632,20802,72.7,18394,64.2,88.4,3200,11.2,15.4,15194,53.1,73.0,2408,8.4,11.6,2575,9.0,4422,15.4,473,1.7,349,1.2
Hispanic,2012,5 year June,28583,20591,72.0,18620,65.1,90.4,2839,9.9,13.8,15781,55.2,76.6,1971,6.9,9.6,2722,9.5,4455,15.6,452,1.6,311,1.1
Hispanic,2011,5 year June,28755,19961,69.4,18157,63.1,91.0,2713,9.4,13.6,15444,53.7,77.4,1804,6.3,9.0,2879,10.0,4981,17.3,571,2.0,300,1.0
Hispanic,2010,5 year June,28883,19476,67.4,17716,61.3,91.0,2616,9.1,13.4,15100,52.3,77.5,1760,6.1,9.0,3262,11.3,5276,18.3,527,1.8,290,1.0
Hispanic,2009,5 year June,30142,19716,65.4,18213,60.4,92.4,2674,8.9,13.6,15539,51.6,78.8,1503,5.0,7.6,3710,12.3,5722,19.0,538,1.8,392,1.3
Hispanic,2008,5 year June,30641,19295,63.0,17934,58.5,92.9,2635,8.6,13.7,15299,49.9,79.3,1361,4.4,7.1,3786,12.4,6223,20.3,846,2.8,416,1.4
Hispanic,2007,5 year June,30527,19638,64.3,15452,50.6,78.7,2576,8.4,13.1,12876,42.2,65.6,4186,13.7,21.3,2390,7.8,7077,23.2,838,2.7,543,1.8
Hispanic,2006,5 year June,30093,18991,63.1,13408,44.6,70.6,2609,8.7,13.7,10799,35.9,56.9,5583,18.6,29.4,2700,9.0,6701,22.3,975,3.2,696,2.3
Hispanic,2005,5 year June,29546,18298,61.9,11660,39.5,63.7,2566,8.7,14.0,9094,30.8,49.7,6638,22.5,36.3,2938,9.9,6583,22.3,838,2.8,853,2.9
Hispanic,2004,5 year June,28082,16680,59.4,9777,34.8,58.6,2556,9.1,15.3,7221,25.7,43.3,6903,24.6,41.4,3152,11.2,6426,22.9,801,2.9,1020,3.6
Hispanic,2003,5 year June,26774,14591,54.5,7951,29.7,54.5,2116,7.9,14.5,5835,21.8,40.0,6640,24.8,45.5,3675,13.7,7314,27.3,856,3.2,309,1.2
Hispanic,2002,5 year June,26372,13369,50.7,7006,26.6,52.4,1443,5.5,10.8,5563,21.1,41.6,6470,24.5,48.4,3781,14.3,8016,30.4,726,2.8,372,1.4
Hispanic,2001,5 year June,25890,12273,47.4,5861,22.6,47.8,1407,5.4,11.5,4454,17.2,36.3,6447,24.9,52.5,3399,13.1,8945,34.6,1116,4.3,129,0.5
Hispanic,2013,6 year June,28587,21594,75.5,18891,66.1,87.5,3203,11.2,14.8,15688,54.9,72.6,2703,9.5,12.5,1181,4.1,4963,17.4,489,1.7,352,1.2
Hispanic,2012,6 year June,28502,21271,74.6,19049,66.8,89.6,2838,10.0,13.3,16211,56.9,76.2,2222,7.8,10.4,1469,5.2,4851,17.0,505,1.8,332,1.2
Hispanic,2011,6 year June,28737,20782,72.3,18719,65.1,90.1,2713,9.4,13.1,16006,55.7,77.0,2063,7.2,9.9,1610,5.6,5371,18.7,610,2.1,319,1.1
Hispanic,2010,6 year June,28843,20460,70.9,18447,64.0,90.2,2618,9.1,12.8,15829,54.9,77.4,2013,7.0,9.8,1730,6.0,5717,19.8,568,2.0,298,1.0
Hispanic,2009,6 year June,30114,20909,69.4,19155,63.6,91.6,2675,8.9,12.8,16480,54.7,78.8,1754,5.8,8.4,1939,6.4,6208,20.6,572,1.9,416,1.4
Hispanic,2008,6 year June,30596,20402,66.7,18796,61.4,92.1,2635,8.6,12.9,16161,52.8,79.2,1606,5.2,7.9,1927,6.3,6673,21.8,1091,3.6,425,1.4
Hispanic,2007,6 year June,30613,20701,67.6,16061,52.5,77.6,2618,8.6,12.6,13443,43.9,64.9,4640,15.2,22.4,1176,3.8,7251,23.7,899,2.9,537,1.8
Hispanic,2006,6 year June,29614,19943,67.3,13753,46.4,69.0,2596,8.8,13.0,11157,37.7,55.9,6190,20.9,31.0,1066,3.6,6974,23.5,918,3.1,667,2.3
Hispanic,2005,6 year June,29506,19302,65.4,11958,40.5,62.0,2569,8.7,13.3,9389,31.8,48.6,7344,24.9,38.0,1513,5.1,6966,23.6,893,3.0,789,2.7
Hispanic,2004,6 year June,28142,17739,63.0,10059,35.7,56.7,2559,9.1,14.4,7500,26.7,42.3,7680,27.3,43.3,1922,6.8,7078,25.2,826,2.9,537,1.9
Hispanic,2003,6 year June,26838,15620,58.2,8196,30.5,52.5,2119,7.9,13.6,6077,22.6,38.9,7424,27.7,47.5,1792,6.7,7905,29.5,917,3.4,575,2.1
Hispanic,2002,6 year June,26372,14322,54.3,7198,27.3,50.3,1451,5.5,10.1,5747,21.8,40.1,7231,27.4,50.5,2023,7.7,8723,33.1,817,3.1,379,1.4
Hispanic,2001,6 year June,25890,13091,50.6,6020,23.3,46.0,1414,5.5,10.8,4606,17.8,35.2,7149,27.6,54.6,1584,6.1,9839,38.0,1219,4.7,129,0.5
Multi-Racial,2015,4 year August,945,795,84.1,761,80.5,95.7,263,27.8,33.1,498,52.7,62.6,34,3.6,4.3,107,11.3,37,3.9,2,0.2,4,0.4
Multi-Racial,2014,4 year August,1016,895,88.1,860,84.6,96.1,321,31.6,35.9,539,53.1,60.2,35,3.4,3.9,91,9.0,24,2.4,4,0.4,2,0.2
Multi-Racial,2013,4 year August,776,689,88.8,675,87.0,98.0,223,28.7,32.4,452,58.2,65.6,14,1.8,2.0,47,6.1,38,4.9,0,0.0,2,0.3
Multi-Racial,2012,4 year August,763,682,89.4,669,87.7,98.1,287,37.6,42.1,382,50.1,56.0,13,1.7,1.9,45,5.9,35,4.6,0,0.0,1,0.1
Multi-Racial,2011,4 year August,228,178,78.1,174,76.3,97.8,60,26.3,33.7,114,50.0,64.0,4,1.8,2.2,27,11.8,22,9.6,0,0.0,1,0.4
Multi-Racial,2010,4 year August,178,138,77.5,136,76.4,98.6,39,21.9,28.3,97,54.5,70.3,2,1.1,1.4,28,15.7,12,6.7,0,0.0,0,0.0
Multi-Racial,2009,4 year August,105,52,49.5,52,49.5,100.0,13,12.4,25.0,39,37.1,75.0,0,0.0,0.0,35,33.3,15,14.3,2,1.9,1,1.0
Multi-Racial,2008,4 year August,101,59,58.4,55,54.5,93.2,17,16.8,28.8,38,37.6,64.4,4,4.0,6.8,27,26.7,15,14.9,0,0.0,0,0.0
Multi-Racial,2007,4 year August,73,47,64.4,42,57.5,89.4,9,12.3,19.1,33,45.2,70.2,5,6.8,10.6,10,13.7,15,20.5,0,0.0,1,1.4
Multi-Racial,2006,4 year August,230,167,72.6,137,59.6,82.0,38,16.5,22.8,99,43.0,59.3,30,13.0,18.0,35,15.2,22,9.6,0,0.0,5,2.2
Multi-Racial,2005,4 year August,281,176,62.6,133,47.3,75.6,26,9.3,14.8,107,38.1,60.8,43,15.3,24.4,55,19.6,48,17.1,0,0.0,2,0.7
Multi-Racial,2004,4 year August,259,168,64.9,122,47.1,72.6,,,,,,,46,17.8,27.4,58,22.4,32,12.4,,,,
Multi-Racial,2015,4 year June,945,772,81.7,740,78.3,95.9,261,27.6,33.8,479,50.7,62.0,32,3.4,4.1,130,13.8,37,3.9,2,0.2,4,0.4
Multi-Racial,2014,4 year June,1016,870,85.6,838,82.5,96.3,320,31.5,36.8,518,51.0,59.5,32,3.1,3.7,116,11.4,24,2.4,4,0.4,2,0.2
Multi-Racial,2013,4 year June,776,676,87.1,667,86.0,98.7,224,28.9,33.1,443,57.1,65.5,9,1.2,1.3,60,7.7,38,4.9,0,0.0,2,0.3
Multi-Racial,2012,4 year June,763,662,86.8,652,85.5,98.5,285,37.4,43.1,367,48.1,55.4,10,1.3,1.5,65,8.5,35,4.6,0,0.0,1,0.1
Multi-Racial,2011,4 year June,228,177,77.6,173,75.9,97.7,60,26.3,33.9,113,49.6,63.8,4,1.8,2.3,28,12.3,22,9.6,0,0.0,1,0.4
Multi-Racial,2010,4 year June,178,135,75.8,133,74.7,98.5,39,21.9,28.9,94,52.8,69.6,2,1.1,1.5,31,17.4,12,6.7,0,0.0,0,0.0
Multi-Racial,2009,4 year June,105,48,45.7,48,45.7,100.0,13,12.4,27.1,35,33.3,72.9,0,0.0,0.0,39,37.1,15,14.3,2,1.9,1,1.0
Multi-Racial,2008,4 year June,101,55,54.5,52,51.5,94.5,17,16.8,30.9,35,34.7,63.6,3,3.0,5.5,30,29.7,15,14.9,1,1.0,0,0.0
Multi-Racial,2007,4 year June,73,46,63.0,41,56.2,89.1,9,12.3,19.6,32,43.8,69.6,5,6.8,10.9,11,15.1,15,20.5,0,0.0,1,1.4
Multi-Racial,2006,4 year June,230,162,70.4,133,57.8,82.1,38,16.5,23.5,95,41.3,58.6,29,12.6,17.9,40,17.4,22,9.6,0,0.0,5,2.2
Multi-Racial,2005,4 year June,281,168,59.8,126,44.8,75.0,26,9.3,15.5,100,35.6,59.5,42,14.9,25.0,63,22.4,48,17.1,0,0.0,2,0.7
Multi-Racial,2004,4 year June,259,153,59.1,113,43.6,73.9,34,13.1,22.2,79,30.5,51.6,40,15.4,26.1,73,28.2,32,12.4,1,0.4,0,0.0
Multi-Racial,2003,4 year June,484,360,74.4,271,56.0,75.3,110,22.7,30.6,161,33.3,44.7,89,18.4,24.7,100,20.7,22,4.5,0,0.0,1,0.2
Multi-Racial,2002,4 year June,16,0,0.0,0,0.0,,0,0.0,,0,0.0,,0,0.0,,16,100.0,0,0.0,0,0.0,0,0.0
Multi-Racial,2001,4 year June,2,s,s,s,s,s,s,s,s,s,s,s,s,s,s,s,s,s,s,s,s,s,s
Multi-Racial,2014,5 year August,997,900,90.3,862,86.5,95.8,312,31.3,34.7,550,55.2,61.1,38,3.8,4.2,48,4.8,43,4.3,3,0.3,3,0.3
Multi-Racial,2013,5 year August,770,701,91.0,686,89.1,97.9,223,29.0,31.8,463,60.1,66.0,15,1.9,2.1,18,2.3,47,6.1,1,0.1,3,0.4
Multi-Racial,2012,5 year August,787,700,88.9,683,86.8,97.6,287,36.5,41.0,396,50.3,56.6,17,2.2,2.4,44,5.6,42,5.3,0,0.0,1,0.1
Multi-Racial,2011,5 year August,225,182,80.9,176,78.2,96.7,60,26.7,33.0,116,51.6,63.7,6,2.7,3.3,15,6.7,26,11.6,1,0.4,1,0.4
Multi-Racial,2010,5 year August,181,143,79.0,140,77.3,97.9,39,21.5,27.3,101,55.8,70.6,3,1.7,2.1,12,6.6,24,13.3,0,0.0,2,1.1
Multi-Racial,2009,5 year August,98,62,63.3,61,62.2,98.4,13,13.3,21.0,48,49.0,77.4,1,1.0,1.6,9,9.2,25,25.5,2,2.0,0,0.0
Multi-Racial,2008,5 year August,98,63,64.3,59,60.2,93.7,17,17.3,27.0,42,42.9,66.7,4,4.1,6.3,11,11.2,23,23.5,1,1.0,0,0.0
Multi-Racial,2007,5 year August,65,46,70.8,41,63.1,89.1,9,13.8,19.6,32,49.2,69.6,5,7.7,10.9,3,4.6,14,21.5,0,0.0,2,3.1
Multi-Racial,2006,5 year August,206,170,82.5,138,67.0,81.2,38,18.4,22.4,100,48.5,58.8,32,15.5,18.8,11,5.3,20,9.7,0,0.0,4,1.9
Multi-Racial,2014,5 year June,997,898,90.1,861,86.4,95.9,312,31.3,34.7,549,55.1,61.1,37,3.7,4.1,50,5.0,43,4.3,3,0.3,3,0.3
Multi-Racial,2013,5 year June,770,699,90.8,684,88.8,97.9,223,29.0,31.9,461,59.9,66.0,15,1.9,2.1,20,2.6,47,6.1,1,0.1,3,0.4
Multi-Racial,2012,5 year June,787,698,88.7,681,86.5,97.6,287,36.5,41.1,394,50.1,56.4,17,2.2,2.4,46,5.8,42,5.3,0,0.0,1,0.1
Multi-Racial,2011,5 year June,225,180,80.0,175,77.8,97.2,60,26.7,33.3,115,51.1,63.9,5,2.2,2.8,17,7.6,26,11.6,1,0.4,1,0.4
Multi-Racial,2010,5 year June,181,143,79.0,140,77.3,97.9,39,21.5,27.3,101,55.8,70.6,3,1.7,2.1,12,6.6,24,13.3,0,0.0,2,1.1
Multi-Racial,2009,5 year June,98,58,59.2,57,58.2,98.3,13,13.3,22.4,44,44.9,75.9,1,1.0,1.7,13,13.3,25,25.5,2,2.0,0,0.0
Multi-Racial,2008,5 year June,98,63,64.3,59,60.2,93.7,17,17.3,27.0,42,42.9,66.7,4,4.1,6.3,11,11.2,23,23.5,1,1.0,0,0.0
Multi-Racial,2007,5 year June,65,46,70.8,41,63.1,89.1,9,13.8,19.6,32,49.2,69.6,5,7.7,10.9,3,4.6,14,21.5,0,0.0,2,3.1
Multi-Racial,2006,5 year June,206,169,82.0,137,66.5,81.1,38,18.4,22.5,99,48.1,58.6,32,15.5,18.9,11,5.3,21,10.2,0,0.0,4,1.9
Multi-Racial,2005,5 year June,275,194,70.5,141,51.3,72.7,27,9.8,13.9,114,41.5,58.8,53,19.3,27.3,21,7.6,58,21.1,0,0.0,2,0.7
Multi-Racial,2004,5 year June,259,181,69.9,127,49.0,70.2,37,14.3,20.4,90,34.7,49.7,54,20.8,29.8,15,5.8,51,19.7,1,0.4,11,4.2
Multi-Racial,2003,5 year June,484,414,85.5,293,60.5,70.8,112,23.1,27.1,181,37.4,43.7,121,25.0,29.2,37,7.6,31,6.4,0,0.0,1,0.2
Multi-Racial,2002,5 year June,16,6,37.5,3,18.8,50.0,1,6.3,16.7,2,12.5,33.3,4,25.0,66.7,4,25.0,6,37.5,0,0.0,0,0.0
Multi-Racial,2001,5 year June,2,s,s,s,s,s,s,s,s,s,s,s,s,s,s,s,s,s,s,s,s,s,s
Multi-Racial,2013,6 year June,765,703,91.9,688,89.9,97.9,223,29.2,31.7,465,60.8,66.1,15,2.0,2.1,10,1.3,50,6.5,0,0.0,2,0.3
Multi-Racial,2012,6 year June,788,703,89.2,684,86.8,97.3,287,36.4,40.8,397,50.4,56.5,19,2.4,2.7,39,4.9,42,5.3,1,0.1,3,0.4
Multi-Racial,2011,6 year June,240,184,76.7,178,74.2,96.7,60,25.0,32.6,118,49.2,64.1,6,2.5,3.3,27,11.3,26,10.8,1,0.4,2,0.8
Multi-Racial,2010,6 year June,180,145,80.6,142,78.9,97.9,39,21.7,26.9,103,57.2,71.0,3,1.7,2.1,7,3.9,26,14.4,0,0.0,2,1.1
Multi-Racial,2009,6 year June,98,67,68.4,64,65.3,95.5,13,13.3,19.4,51,52.0,76.1,3,3.1,4.5,3,3.1,26,26.5,2,2.0,0,0.0
Multi-Racial,2008,6 year June,96,64,66.7,60,62.5,93.8,17,17.7,26.6,43,44.8,67.2,4,4.2,6.3,8,8.3,23,24.0,1,1.0,0,0.0
Multi-Racial,2007,6 year June,66,47,71.2,42,63.6,89.4,9,13.6,19.1,33,50.0,70.2,5,7.6,10.6,2,3.0,15,22.7,0,0.0,2,3.0
Multi-Racial,2006,6 year June,201,168,83.6,133,66.2,79.2,37,18.4,22.0,96,47.8,57.1,35,17.4,20.8,6,3.0,21,10.4,0,0.0,5,2.5
Multi-Racial,2005,6 year June,262,197,75.2,143,54.6,72.6,27,10.3,13.7,116,44.3,58.9,54,20.6,27.4,8,3.1,55,21.0,0,0.0,2,0.8
Multi-Racial,2004,6 year June,256,185,72.3,129,50.4,69.7,37,14.5,20.0,92,35.9,49.7,56,21.9,30.3,13,5.1,55,21.5,0,0.0,3,1.2
Multi-Racial,2003,6 year June,485,429,88.5,299,61.6,69.7,112,23.1,26.1,187,38.6,43.6,130,26.8,30.3,12,2.5,40,8.2,0,0.0,3,0.6
Multi-Racial,2002,6 year June,16,6,37.5,3,18.8,50.0,1,6.3,16.7,2,12.5,33.3,4,25.0,66.7,3,18.8,7,43.8,0,0.0,0,0.0
Multi-Racial,2001,6 year June,2,s,s,s,s,s,s,s,s,s,s,s,s,s,s,s,s,s,s,s,s,s,s
Native American,2015,4 year August,704,502,71.3,469,66.6,93.4,118,16.8,23.5,351,49.9,69.9,33,4.7,6.6,103,14.6,86,12.2,3,0.4,10,1.4
Native American,2014,4 year August,669,447,66.8,410,61.3,91.7,104,15.5,23.3,306,45.7,68.5,37,5.5,8.3,146,21.8,61,9.1,0,0.0,15,2.2
Native American,2013,4 year August,574,335,58.4,314,54.7,93.7,75,13.1,22.4,239,41.6,71.3,21,3.7,6.3,156,27.2,69,12.0,5,0.9,8,1.4
Native American,2012,4 year August,489,284,58.1,256,52.4,90.1,56,11.5,19.7,200,40.9,70.4,28,5.7,9.9,129,26.4,66,13.5,1,0.2,7,1.4
Native American,2011,4 year August,501,313,62.5,299,59.7,95.5,70,14.0,22.4,229,45.7,73.2,14,2.8,4.5,128,25.5,46,9.2,4,0.8,8,1.6
Native American,2010,4 year August,400,242,60.5,228,57.0,94.2,51,12.8,21.1,177,44.3,73.1,14,3.5,5.8,91,22.8,61,15.3,2,0.5,3,0.8
Native American,2009,4 year August,414,234,56.5,217,52.4,92.7,46,11.1,19.7,171,41.3,73.1,17,4.1,7.3,103,24.9,64,15.5,3,0.7,10,2.4
Native American,2008,4 year August,409,214,52.3,192,46.9,89.7,30,7.3,14.0,162,39.6,75.7,22,5.4,10.3,137,33.5,47,11.5,8,2.0,3,0.7
Native American,2007,4 year August,378,191,50.5,150,39.7,78.5,35,9.3,18.3,115,30.4,60.2,41,10.8,21.5,112,29.6,55,14.6,7,1.9,12,3.2
Native American,2006,4 year August,332,181,54.5,131,39.5,72.4,33,9.9,18.2,98,29.5,54.1,50,15.1,27.6,92,27.7,40,12.0,12,3.6,7,2.1
Native American,2005,4 year August,296,148,50.0,100,33.8,67.6,28,9.5,18.9,72,24.3,48.6,48,16.2,32.4,79,26.7,46,15.5,13,4.4,10,3.4
Native American,2004,4 year August,246,142,57.7,98,39.8,69.0,,,,,,,44,17.9,31.0,65,26.4,30,12.2,,,,
Native American,2015,4 year June,704,482,68.5,454,64.5,94.2,118,16.8,24.5,336,47.7,69.7,28,4.0,5.8,123,17.5,86,12.2,3,0.4,10,1.4
Native American,2014,4 year June,669,430,64.3,398,59.5,92.6,104,15.5,24.2,294,43.9,68.4,32,4.8,7.4,163,24.4,61,9.1,0,0.0,15,2.2
Native American,2013,4 year June,574,313,54.5,296,51.6,94.6,75,13.1,24.0,221,38.5,70.6,17,3.0,5.4,177,30.8,69,12.0,6,1.0,8,1.4
Native American,2012,4 year June,489,269,55.0,244,49.9,90.7,55,11.2,20.4,189,38.7,70.3,25,5.1,9.3,143,29.2,66,13.5,2,0.4,7,1.4
Native American,2011,4 year June,501,300,59.9,289,57.7,96.3,70,14.0,23.3,219,43.7,73.0,11,2.2,3.7,141,28.1,46,9.2,4,0.8,8,1.6
Native American,2010,4 year June,400,224,56.0,210,52.5,93.8,50,12.5,22.3,160,40.0,71.4,14,3.5,6.3,109,27.3,61,15.3,2,0.5,3,0.8
Native American,2009,4 year June,414,215,51.9,201,48.6,93.5,44,10.6,20.5,157,37.9,73.0,14,3.4,6.5,122,29.5,64,15.5,3,0.7,10,2.4
Native American,2008,4 year June,409,197,48.2,178,43.5,90.4,29,7.1,14.7,149,36.4,75.6,19,4.6,9.6,154,37.7,47,11.5,8,2.0,3,0.7
Native American,2007,4 year June,378,177,46.8,146,38.6,82.5,35,9.3,19.8,111,29.4,62.7,31,8.2,17.5,126,33.3,56,14.8,7,1.9,11,2.9
Native American,2006,4 year June,332,170,51.2,124,37.3,72.9,33,9.9,19.4,91,27.4,53.5,46,13.9,27.1,102,30.7,41,12.3,12,3.6,7,2.1
Native American,2005,4 year June,296,139,47.0,96,32.4,69.1,28,9.5,20.1,68,23.0,48.9,43,14.5,30.9,88,29.7,46,15.5,13,4.4,10,3.4
Native American,2004,4 year June,246,135,54.9,95,38.6,70.4,22,8.9,16.3,73,29.7,54.1,40,16.3,29.6,72,29.3,30,12.2,8,3.3,1,0.4
Native American,2003,4 year June,208,85,40.9,59,28.4,69.4,19,9.1,22.4,40,19.2,47.1,26,12.5,30.6,81,38.9,36,17.3,4,1.9,1,0.5
Native American,2002,4 year June,260,102,39.2,59,22.7,57.8,18,6.9,17.6,41,15.8,40.2,43,16.5,42.2,78,30.0,68,26.2,7,2.7,4,1.5
Native American,2001,4 year June,233,s,s,s,s,s,s,s,s,s,s,s,s,s,s,s,s,s,s,s,s,s,s
Native American,2014,5 year August,685,497,72.6,448,65.4,90.1,105,15.3,21.1,343,50.1,69.0,49,7.2,9.9,59,8.6,110,16.1,7,1.0,11,1.6
Native American,2013,5 year August,605,398,65.8,361,59.7,90.7,75,12.4,18.8,286,47.3,71.9,37,6.1,9.3,60,9.9,114,18.8,19,3.1,14,2.3
Native American,2012,5 year August,530,348,65.7,303,57.2,87.1,56,10.6,16.1,247,46.6,71.0,45,8.5,12.9,65,12.3,94,17.7,13,2.5,8,1.5
Native American,2011,5 year August,533,367,68.9,345,64.7,94.0,70,13.1,19.1,275,51.6,74.9,22,4.1,6.0,68,12.8,74,13.9,9,1.7,13,2.4
Native American,2010,5 year August,440,285,64.8,266,60.5,93.3,51,11.6,17.9,215,48.9,75.4,19,4.3,6.7,42,9.5,99,22.5,7,1.6,5,1.1
Native American,2009,5 year August,411,253,61.6,232,56.4,91.7,46,11.2,18.2,186,45.3,73.5,21,5.1,8.3,41,10.0,95,23.1,10,2.4,11,2.7
Native American,2008,5 year August,408,243,59.6,212,52.0,87.2,30,7.4,12.3,182,44.6,74.9,31,7.6,12.8,61,15.0,84,20.6,18,4.4,2,0.5
Native American,2007,5 year August,377,217,57.6,163,43.2,75.1,35,9.3,16.1,128,34.0,59.0,54,14.3,24.9,38,10.1,95,25.2,12,3.2,14,3.7
Native American,2006,5 year August,354,202,57.1,140,39.5,69.3,34,9.6,16.8,106,29.9,52.5,62,17.5,30.7,51,14.4,65,18.4,26,7.3,10,2.8
Native American,2014,5 year June,685,495,72.3,446,65.1,90.1,105,15.3,21.2,341,49.8,68.9,49,7.2,9.9,61,8.9,110,16.1,7,1.0,11,1.6
Native American,2013,5 year June,605,390,64.5,355,58.7,91.0,75,12.4,19.2,280,46.3,71.8,35,5.8,9.0,68,11.2,114,18.8,19,3.1,14,2.3
Native American,2012,5 year June,530,344,64.9,300,56.6,87.2,56,10.6,16.3,244,46.0,70.9,44,8.3,12.8,69,13.0,94,17.7,13,2.5,8,1.5
Native American,2011,5 year June,533,361,67.7,342,64.2,94.7,70,13.1,19.4,272,51.0,75.3,19,3.6,5.3,74,13.9,74,13.9,9,1.7,13,2.4
Native American,2010,5 year June,440,279,63.4,260,59.1,93.2,51,11.6,18.3,209,47.5,74.9,19,4.3,6.8,48,10.9,99,22.5,7,1.6,5,1.1
Native American,2009,5 year June,411,250,60.8,229,55.7,91.6,46,11.2,18.4,183,44.5,73.2,21,5.1,8.4,44,10.7,95,23.1,10,2.4,11,2.7
Native American,2008,5 year June,408,237,58.1,209,51.2,88.2,30,7.4,12.7,179,43.9,75.5,28,6.9,11.8,66,16.2,85,20.8,18,4.4,2,0.5
Native American,2007,5 year June,377,214,56.8,162,43.0,75.7,35,9.3,16.4,127,33.7,59.3,52,13.8,24.3,40,10.6,96,25.5,12,3.2,14,3.7
Native American,2006,5 year June,354,199,56.2,140,39.5,70.4,34,9.6,17.1,106,29.9,53.3,59,16.7,29.6,54,15.3,65,18.4,26,7.3,10,2.8
Native American,2005,5 year June,290,162,55.9,105,36.2,64.8,28,9.7,17.3,77,26.6,47.5,57,19.7,35.2,33,11.4,63,21.7,19,6.6,13,4.5
Native American,2004,5 year June,250,154,61.6,103,41.2,66.9,23,9.2,14.9,80,32.0,51.9,51,20.4,33.1,29,11.6,48,19.2,9,3.6,10,4.0
Native American,2003,5 year June,208,106,51.0,67,32.2,63.2,19,9.1,17.9,48,23.1,45.3,39,18.8,36.8,37,17.8,52,25.0,10,4.8,2,1.0
Native American,2002,5 year June,260,122,46.9,63,24.2,51.6,18,6.9,14.8,45,17.3,36.9,59,22.7,48.4,36,13.8,86,33.1,11,4.2,4,1.5
Native American,2001,5 year June,233,s,s,s,s,s,s,s,s,s,s,s,s,s,s,s,s,s,s,s,s,s,s
Native American,2013,6 year June,622,427,68.6,377,60.6,88.3,76,12.2,17.8,301,48.4,70.5,50,8.0,11.7,31,5.0,131,21.1,20,3.2,13,2.1
Native American,2012,6 year June,547,390,71.3,336,61.4,86.2,56,10.2,14.4,280,51.2,71.8,54,9.9,13.8,30,5.5,103,18.8,15,2.7,8,1.5
Native American,2011,6 year June,549,395,71.9,365,66.5,92.4,70,12.8,17.7,295,53.7,74.7,30,5.5,7.6,48,8.7,78,14.2,12,2.2,13,2.4
Native American,2010,6 year June,459,301,65.6,279,60.8,92.7,51,11.1,16.9,228,49.7,75.7,22,4.8,7.3,26,5.7,117,25.5,7,1.5,4,0.9
Native American,2009,6 year June,420,269,64.0,244,58.1,90.7,46,11.0,17.1,198,47.1,73.6,25,6.0,9.3,28,6.7,99,23.6,10,2.4,11,2.6
Native American,2008,6 year June,409,250,61.1,215,52.6,86.0,30,7.3,12.0,185,45.2,74.0,35,8.6,14.0,42,10.3,86,21.0,28,6.8,2,0.5
Native American,2007,6 year June,379,227,59.9,167,44.1,73.6,35,9.2,15.4,132,34.8,58.1,60,15.8,26.4,24,6.3,101,26.6,13,3.4,13,3.4
Native American,2006,6 year June,348,209,60.1,144,41.4,68.9,34,9.8,16.3,110,31.6,52.6,65,18.7,31.1,25,7.2,75,21.6,29,8.3,10,2.9
Native American,2005,6 year June,288,173,60.1,110,38.2,63.6,28,9.7,16.2,82,28.5,47.4,63,21.9,36.4,12,4.2,73,25.3,19,6.6,10,3.5
Native American,2004,6 year June,248,166,66.9,109,44.0,65.7,24,9.7,14.5,85,34.3,51.2,57,23.0,34.3,16,6.5,51,20.6,10,4.0,3,1.2
Native American,2003,6 year June,208,114,54.8,71,34.1,62.3,19,9.1,16.7,52,25.0,45.6,43,20.7,37.7,20,9.6,60,28.8,9,4.3,4,1.9
Native American,2002,6 year June,260,132,50.8,66,25.4,50.0,18,6.9,13.6,48,18.5,36.4,66,25.4,50.0,19,7.3,93,35.8,11,4.2,4,1.5
Native American,2001,6 year June,233,s,s,s,s,s,s,s,s,s,s,s,s,s,s,s,s,s,s,s,s,s,s
White,2015,4 year August,10529,8954,85.0,8468,80.4,94.6,3736,35.5,41.7,4732,44.9,52.8,486,4.6,5.4,1058,10.0,422,4.0,39,0.4,56,0.5
White,2014,4 year August,10511,8855,84.2,8411,80.0,95.0,3665,34.9,41.4,4746,45.2,53.6,444,4.2,5.0,1133,10.8,425,4.0,45,0.4,53,0.5
White,2013,4 year August,10056,8369,83.2,8002,79.6,95.6,3390,33.7,40.5,4612,45.9,55.1,367,3.6,4.4,1122,11.2,446,4.4,62,0.6,54,0.5
White,2012,4 year August,10038,8260,82.3,7900,78.7,95.6,3156,31.4,38.2,4744,47.3,57.4,360,3.6,4.4,1188,11.8,480,4.8,51,0.5,40,0.4
White,2011,4 year August,9896,8119,82.0,7817,79.0,96.3,3216,32.5,39.6,4601,46.5,56.7,302,3.1,3.7,1138,11.5,513,5.2,65,0.7,49,0.5
White,2010,4 year August,10342,8342,80.7,7974,77.1,95.6,3211,31.0,38.5,4763,46.1,57.1,368,3.6,4.4,1276,12.3,631,6.1,57,0.6,30,0.3
White,2009,4 year August,10282,8191,79.7,7864,76.5,96.0,3267,31.8,39.9,4597,44.7,56.1,327,3.2,4.0,1357,13.2,610,5.9,70,0.7,49,0.5
White,2008,4 year August,10189,7957,78.1,7638,75.0,96.0,3181,31.2,40.0,4457,43.7,56.0,319,3.1,4.0,1364,13.4,744,7.3,64,0.6,56,0.5
White,2007,4 year August,9915,7818,78.9,7134,72.0,91.3,3147,31.7,40.3,3987,40.2,51.0,684,6.9,8.7,1133,11.4,780,7.9,73,0.7,109,1.1
White,2006,4 year August,10077,7881,78.2,6896,68.4,87.5,3208,31.8,40.7,3688,36.6,46.8,985,9.8,12.5,1176,11.7,802,8.0,85,0.8,126,1.3
White,2005,4 year August,9900,7571,76.5,6421,64.9,84.8,3176,32.1,41.9,3245,32.8,42.9,1150,11.6,15.2,1214,12.3,828,8.4,125,1.3,162,1.6
White,2004,4 year August,10004,7486,74.8,6318,63.2,84.4,,,,,,,1169,11.7,15.6,1370,13.7,976,9.8,,,,
White,2015,4 year June,10529,8725,82.9,8274,78.6,94.8,3722,35.3,42.7,4552,43.2,52.2,451,4.3,5.2,1285,12.2,424,4.0,39,0.4,56,0.5
White,2014,4 year June,10511,8648,82.3,8233,78.3,95.2,3656,34.8,42.3,4577,43.5,52.9,415,3.9,4.8,1340,12.7,425,4.0,45,0.4,53,0.5
White,2013,4 year June,10056,8169,81.2,7833,77.9,95.9,3380,33.6,41.4,4453,44.3,54.5,336,3.3,4.1,1320,13.1,446,4.4,64,0.6,54,0.5
White,2012,4 year June,10038,8045,80.1,7726,77.0,96.0,3147,31.4,39.1,4579,45.6,56.9,319,3.2,4.0,1403,14.0,480,4.8,51,0.5,40,0.4
White,2011,4 year June,9896,7925,80.1,7641,77.2,96.4,3209,32.4,40.5,4432,44.8,55.9,284,2.9,3.6,1330,13.4,514,5.2,66,0.7,49,0.5
White,2010,4 year June,10342,8050,77.8,7723,74.7,95.9,3187,30.8,39.6,4536,43.9,56.3,327,3.2,4.1,1568,15.2,631,6.1,57,0.6,30,0.3
White,2009,4 year June,10282,7856,76.4,7565,73.6,96.3,3249,31.6,41.4,4316,42.0,54.9,291,2.8,3.7,1688,16.4,610,5.9,74,0.7,49,0.5
White,2008,4 year June,10189,7657,75.1,7376,72.4,96.3,3161,31.0,41.3,4215,41.4,55.0,281,2.8,3.7,1661,16.3,745,7.3,66,0.6,56,0.5
White,2007,4 year June,9915,7491,75.6,6905,69.6,92.2,3131,31.6,41.8,3774,38.1,50.4,586,5.9,7.8,1450,14.6,784,7.9,80,0.8,107,1.1
White,2006,4 year June,10077,7606,75.5,6736,66.8,88.6,3187,31.6,41.9,3549,35.2,46.7,870,8.6,11.4,1447,14.4,806,8.0,85,0.8,126,1.3
White,2005,4 year June,9900,7316,73.9,6270,63.3,85.7,3163,31.9,43.2,3107,31.4,42.5,1046,10.6,14.3,1467,14.8,829,8.4,126,1.3,162,1.6
White,2004,4 year June,10004,7155,71.5,6123,61.2,85.6,3297,33.0,46.1,2826,28.2,39.5,1032,10.3,14.4,1701,17.0,976,9.8,161,1.6,10,0.1
White,2003,4 year June,10440,7202,69.0,6029,57.7,83.7,3102,29.7,43.1,2927,28.0,40.6,1173,11.2,16.3,1784,17.1,1272,12.2,112,1.1,63,0.6
White,2002,4 year June,11633,7776,66.8,6391,54.9,82.2,3155,27.1,40.6,3236,27.8,41.6,1387,11.9,17.8,2038,17.5,1542,13.3,76,0.7,147,1.3
White,2001,4 year June,12104,7750,64.0,6116,50.5,78.9,3287,27.2,42.4,2829,23.4,36.5,1644,13.6,21.2,2053,17.0,2065,17.1,200,1.7,31,0.3
White,2014,5 year August,10510,9121,86.8,8598,81.8,94.3,3666,34.9,40.2,4932,46.9,54.1,523,5.0,5.7,521,5.0,674,6.4,122,1.2,72,0.7
White,2013,5 year August,10089,8623,85.5,8192,81.2,95.0,3382,33.5,39.2,4810,47.7,55.8,431,4.3,5.0,606,6.0,624,6.2,157,1.6,78,0.8
White,2012,5 year August,10117,8569,84.7,8126,80.3,94.8,3159,31.2,36.9,4967,49.1,58.0,443,4.4,5.2,633,6.3,695,6.9,142,1.4,64,0.6
White,2011,5 year August,9949,8469,85.1,8091,81.3,95.5,3216,32.3,38.0,4875,49.0,57.6,378,3.8,4.5,532,5.3,771,7.7,117,1.2,49,0.5
White,2010,5 year August,10420,8794,84.4,8324,79.9,94.7,3221,30.9,36.6,5103,49.0,58.0,470,4.5,5.3,589,5.7,874,8.4,104,1.0,47,0.5
White,2009,5 year August,10256,8543,83.3,8137,79.3,95.2,3270,31.9,38.3,4867,47.5,57.0,406,4.0,4.8,669,6.5,890,8.7,86,0.8,59,0.6
White,2008,5 year August,10159,8287,81.6,7911,77.9,95.5,3190,31.4,38.5,4721,46.5,57.0,376,3.7,4.5,632,6.2,1010,9.9,157,1.5,67,0.7
White,2007,5 year August,9890,8135,82.3,7293,73.7,89.6,3146,31.8,38.7,4147,41.9,51.0,842,8.5,10.4,392,4.0,1079,10.9,176,1.8,104,1.1
White,2006,5 year August,10155,8250,81.2,7117,70.1,86.3,3216,31.7,39.0,3901,38.4,47.3,1133,11.2,13.7,461,4.5,1102,10.9,197,1.9,136,1.3
White,2014,5 year June,10510,9082,86.4,8574,81.6,94.4,3665,34.9,40.4,4909,46.7,54.1,508,4.8,5.6,550,5.2,684,6.5,122,1.2,72,0.7
White,2013,5 year June,10089,8593,85.2,8171,81.0,95.1,3381,33.5,39.3,4790,47.5,55.7,422,4.2,4.9,633,6.3,625,6.2,159,1.6,78,0.8
White,2012,5 year June,10117,8544,84.5,8109,80.2,94.9,3159,31.2,37.0,4950,48.9,57.9,435,4.3,5.1,656,6.5,696,6.9,142,1.4,64,0.6
White,2011,5 year June,9949,8420,84.6,8057,81.0,95.7,3216,32.3,38.2,4841,48.7,57.5,363,3.6,4.3,581,5.8,771,7.7,117,1.2,49,0.5
White,2010,5 year June,10420,8745,83.9,8286,79.5,94.8,3221,30.9,36.8,5065,48.6,57.9,459,4.4,5.2,635,6.1,877,8.4,104,1.0,47,0.5
White,2009,5 year June,10256,8482,82.7,8094,78.9,95.4,3270,31.9,38.6,4824,47.0,56.9,388,3.8,4.6,726,7.1,894,8.7,86,0.8,59,0.6
White,2008,5 year June,10159,8244,81.1,7882,77.6,95.6,3189,31.4,38.7,4693,46.2,56.9,362,3.6,4.4,670,6.6,1014,10.0,158,1.6,67,0.7
White,2007,5 year June,9890,8074,81.6,7263,73.4,90.0,3146,31.8,39.0,4117,41.6,51.0,811,8.2,10.0,431,4.4,1100,11.1,177,1.8,104,1.1
White,2006,5 year June,10155,8201,80.8,7096,69.9,86.5,3216,31.7,39.2,3880,38.2,47.3,1105,10.9,13.5,495,4.9,1117,11.0,197,1.9,135,1.3
White,2005,5 year June,9962,7940,79.7,6615,66.4,83.3,3201,32.1,40.3,3414,34.3,43.0,1325,13.3,16.7,491,4.9,1143,11.5,198,2.0,187,1.9
White,2004,5 year June,10092,7892,78.2,6496,64.4,82.3,3343,33.1,42.4,3153,31.2,40.0,1396,13.8,17.7,495,4.9,1282,12.7,219,2.2,203,2.0
White,2003,5 year June,10440,7896,75.6,6372,61.0,80.7,3132,30.0,39.7,3240,31.0,41.0,1524,14.6,19.3,563,5.4,1685,16.1,223,2.1,66,0.6
White,2002,5 year June,11633,8622,74.1,6782,58.3,78.7,3212,27.6,37.3,3570,30.7,41.4,1872,16.1,21.7,636,5.5,2015,17.3,158,1.4,148,1.3
White,2001,5 year June,12104,8567,70.8,6444,53.2,75.2,3325,27.5,38.8,3119,25.8,36.4,2137,17.7,24.9,578,4.8,2604,21.5,316,2.6,31,0.3
White,2013,6 year June,10079,8721,86.5,8264,82.0,94.8,3383,33.6,38.8,4881,48.4,56.0,457,4.5,5.2,426,4.2,694,6.9,162,1.6,75,0.7
White,2012,6 year June,10119,8651,85.5,8179,80.8,94.5,3159,31.2,36.5,5020,49.6,58.0,472,4.7,5.5,469,4.6,765,7.6,159,1.6,64,0.6
White,2011,6 year June,10005,8548,85.4,8142,81.4,95.3,3216,32.1,37.6,4926,49.2,57.6,406,4.1,4.7,443,4.4,820,8.2,135,1.3,54,0.5
White,2010,6 year June,10487,8933,85.2,8411,80.2,94.2,3221,30.7,36.1,5190,49.5,58.1,522,5.0,5.8,439,4.2,944,9.0,114,1.1,46,0.4
White,2009,6 year June,10257,8661,84.4,8229,80.2,95.0,3271,31.9,37.8,4958,48.3,57.2,432,4.2,5.0,455,4.4,963,9.4,108,1.1,59,0.6
White,2008,6 year June,10142,8371,82.5,7972,78.6,95.2,3191,31.5,38.1,4781,47.1,57.1,399,3.9,4.8,396,3.9,1066,10.5,238,2.3,65,0.6
White,2007,6 year June,9914,8233,83.0,7363,74.3,89.4,3155,31.8,38.3,4208,42.4,51.1,870,8.8,10.6,266,2.7,1113,11.2,194,2.0,104,1.0
White,2006,6 year June,10077,8342,82.8,7162,71.1,85.9,3214,31.9,38.5,3948,39.2,47.3,1180,11.7,14.1,280,2.8,1136,11.3,179,1.8,127,1.3
White,2005,6 year June,9959,8074,81.1,6671,67.0,82.6,3201,32.1,39.6,3470,34.8,43.0,1403,14.1,17.4,311,3.1,1182,11.9,209,2.1,177,1.8
White,2004,6 year June,10091,8040,79.7,6560,65.0,81.6,3343,33.1,41.6,3217,31.9,40.0,1480,14.7,18.4,410,4.1,1345,13.3,217,2.2,73,0.7
White,2003,6 year June,10464,8053,77.0,6425,61.4,79.8,3132,29.9,38.9,3293,31.5,40.9,1628,15.6,20.2,295,2.8,1761,16.8,229,2.2,119,1.1
White,2002,6 year June,11633,8783,75.5,6826,58.7,77.7,3214,27.6,36.6,3612,31.0,41.1,1989,17.1,22.6,348,3.0,2130,18.3,168,1.4,150,1.3
White,2001,6 year June,12104,8729,72.1,6494,53.7,74.4,3328,27.5,38.1,3166,26.2,36.3,2257,18.6,25.9,258,2.1,2745,22.7,333,2.8,31,0.3
